layer,accuracy,energy_ratio,energy_pj
original,0.9866,0.76653564,4198707200000.0
batchnorm2d_1,0.952,0.79530036,4356226400000.0
batchnorm2d_4,0.9443,0.8005913,4385193600000.0
batchnorm2d_9,0.9444,0.8014059,4389653700000.0
batchnorm2d_14,0.9391,0.80611575,4415449700000.0
batchnorm2d_21,0.9388,0.8094255,4433573300000.0
batchnorm2d_26,0.9387,0.811588,4445424300000.0
batchnorm2d_33,0.9415,0.81265867,4451290000000.0
batchnorm2d_38,0.9369,0.81535167,4466042500000.0
batchnorm2d_45,0.9456,0.81827813,4482070000000.0
